Model Name, Price, Category
2024 MALIBU 1,$597.45 † monthly,Sedan
2024 MALIBU 1,,Sedan
2024 MALIBU LS,$607.18 † monthly,Sedan
2024 MALIBU LS,,Sedan
2024 MALIBU LS,$275.23 †,Sedan
2024 MALIBU 1,,Sedan
2024 MALIBU LS,,Sedan
2024 MALIBU LS,$275.23 †,Sedan
2024 MALIBU 1,,Sedan
2024 MALIBU 1,,Sedan
2024 MALIBU 1,$276.78 †,Sedan
2024 MALIBU 1,,Sedan
2024 MALIBU 1,,Sedan
2024 MALIBU 1,$330.70 †,Sedan
2024 MALIBU 1,,Sedan
2024 MALIBU 1,,Sedan
2024 MALIBU LS,$265 † bi-weekly,Sedan
2024 MALIBU 1,,Sedan
2024 MALIBU 1,,Sedan
2024 MALIBU 1,$277 † bi-weekly,Sedan
2024 MALIBU 1,,Sedan
2024 MALIBU 1,,Sedan
2024 MALIBU 1,$303 † bi-weekly,Sedan
2024 MALIBU 1,,Sedan
2024 CAMARO 2,,Coupe
2024 CAMARO 3,$314 † bi-weekly,Coupe
2024 CAMARO 3,,Coupe
2024 CAMARO 1,,Coupe
2024 CAMARO 2,$320 † bi-weekly,Coupe
2024 CAMARO 1,,Coupe
2024 CAMARO 2SS,,Coupe
2024 CAMARO 3,$320 † bi-weekly,Coupe
2024 CAMARO 2,,Coupe
2024 CAMARO 3,,Coupe
2024 CAMARO 2SS,$315 † bi-weekly,Coupe
2024 CAMARO 2SS,,Coupe
2024 CAMARO 2,,Coupe
2024 CAMARO 2,$374 † bi-weekly,Coupe
2024 CAMARO 1,,Coupe
2024 CAMARO 2,,Coupe
2024 CAMARO 3,$35864 †,Coupe
2024 CAMARO,$36764 †,Coupe
2024 CAMARO 2,$269 † bi-weekly,Coupe
2024 CAMARO 2,,Coupe
2024 CAMARO 2,,Coupe
2024 CAMARO 2,$307 † bi-weekly,Coupe
2024 CAMARO 3,,Coupe
2024 CAMARO 2,,Coupe